id;estado;idNumeroGrupo;idTFC;numeroAluno;ordemEscolha;registoDeInscricao;publicado;anoLetivo
1;Não Atribuido;;DEISI1;a21502968;2;2018-10-09 19:57:06.000;;2018
2;Atribuido;;DEISI7;a21502968;1;2018-10-09 20:09:51.000;;2018
3;Não Atribuido;;DEISI15;a21502968;3;2018-10-10 19:03:17.000;;2018
4;Atribuido;;Aluno23;a20086749;1;2018-10-12 08:39:38.000;;2018
5;Atribuido;;Aluno26;a21502840;1;2018-10-14 12:15:03.000;;2018
6;Atribuido;;G27;a21502579;1;2018-10-16 15:47:58.000;;2018
7;Atribuido;;DEISI28;a21605102;1;2018-10-16 23:17:12.000;;2018
8;Anulado;;DEISI3;a21503536;1;2018-10-17 08:46:32.000;;2018
9;Não Atribuido;;DEISI2;a21503536;2;2018-10-17 08:46:42.000;;2018
10;Não Atribuido;;DEISI4;a21503536;3;2018-10-17 08:46:52.000;;2018
12;Atribuido;;Aluno27;a21502579;1;2018-10-17 08:00:00.000;;2018
13;Atribuido;2;DEISI30;;1;2019-02-10 20:11:12.000;;2019
14;Não Atribuido;;DEISI30;a21109010;2;2019-02-15 11:56:57.000;;2019
15;Não Atribuido;;DEISI19;a21109010;3;2019-02-15 12:05:38.000;;2019
16;Atribuido;;DEISI35;a21109010;1;2019-02-18 11:40:38.000;;2019
17;Atribuido;4;DEISI29;;1;2019-02-28 12:04:36.000;;2019
19;;4;DEISI34;;3;2019-02-27 21:00:04.000;;2019
20;Não Atribuido;;DEISI21;a21100171;1;2019-02-27 23:43:13.000;;2019
21;Atribuido;;DEISI37;a21100171;2;2019-02-27 23:57:04.000;;2019
22;Não Atribuido;;DEISI40;a21100171;3;2019-02-27 23:57:15.000;;2019
23;Atribuido;;DEISI31;X21801171;1;2019-02-28 00:03:04.000;;2019
24;Não Atribuido;;DEISI25;a21801171;2;2019-02-28 00:03:51.000;;2019
25;Não Atribuido;;DEISI30;a21801171;3;2019-02-28 00:04:10.000;;2019
26;Atribuido;;DEISI34;a21602905;1;2019-02-28 14:54:57.000;;2019
28;Atribuido;5;Empresa33;;1;2019-03-01 22:54:04.000;;2019
29;Não Atribuido;6;Empresa33;;1;2019-03-04 19:01:15.000;;2019
30;Não Atribuido;6;DEISI32;;2;2019-03-04 19:01:42.000;;2019
31;Não Atribuido;6;DEISI31;;3;2019-03-04 19:01:59.000;;2019
32;;7;DEISI32;;1;2019-03-04 19:07:36.000;;2019
33;Atribuido;7;DEISI1;;2;2019-03-04 19:08:24.000;;2019
34;Não atribuido;7;DEISI31;;3;2019-03-04 19:09:41.000;;2019
35;;8;DEISI32;;1;2019-03-04 19:19:04.000;;2019
36;Não Atribuido;8;DEISI1;;2;2019-03-04 19:20:20.000;;2019
37;Não atribuido;8;DEISI31;;3;2019-03-04 19:20:52.000;;2019
38;Atribuido;9;DEISI13;;1;2019-03-05 15:20:00.000;;2019
39;Atribuido;;Aluno47;a21601155;1;2019-03-05 21:11:42.000;;2019
40;Não Atribuido;;DEISI12;a21404687;1;2019-03-06 10:51:47.000;;2019
41;Atribuido;;DEISI8;a21404687;2;2019-03-06 10:52:27.000;;2019
42;Não Atribuido;;DEISI1;a21404687;3;2019-03-06 10:52:41.000;;2019
43;Não Atribuido;;DEISI32;a21404687;4;2019-03-06 10:52:54.000;;2019
44;Não Atribuido;;DEISI24;a21602905;2;2019-03-06 11:08:26.000;;2019
45;Não Atribuido;;DEISI11;a21504084;1;2019-03-06 16:56:00.000;;2019
46;Atribuido;;DEISI25;a20084026;1;2019-03-06 18:07:32.000;;2019
47;Não Atribuido;;DEISI19;a20084026;2;2019-03-06 18:07:40.000;;2019
48;Não Atribuido;;DEISI42;a20084026;3;2019-03-06 18:07:47.000;;2019
49;Atribuido;;DEISI17;X21603860;1;2019-03-07 11:38:01.000;;2019
50;Não Atribuido;;DEISI18;X21603860;3;2019-03-07 11:40:41.000;;2019
51;Não Atribuido;;DEISI42;X21603860;2;2019-03-07 11:46:58.000;;2019
52;Não Atribuido;;NDEISI44;X21603860;4;2019-03-07 11:50:52.000;;2019
53;Atribuido;11;DEISI50;;1;2019-03-07 17:15:44.000;;2019
54;Atribuido;12;DEISI51;;1;2019-03-07 17:22:40.000;;2019
55;Atribuido;;DEISI39;a20062988;1;2019-03-08 00:16:24.000;;2019
56;Não Atribuido;;DEISI40;a20062988;2;2019-03-08 00:18:25.000;;2019
57;Não Atribuido;;DEISI18;a20062988;3;2019-03-08 00:19:33.000;;2019
58;Atribuido;13;NDEISI36;;1;2019-03-08 11:33:20.000;;2019
59;Não Atribuido;15;NDEISI36;;1;2019-03-08 14:53:00.000;;2019
60;Não Atribuido;15;DEISI56;;2;2019-03-08 14:53:51.000;;2019
61;Não Atribuido;15;DEISI24;;3;2019-03-08 14:54:22.000;;2019
62;Não Atribuido;13;DEISI56;;2;2019-03-08 15:43:22.000;;2019
63;Não Atribuido;;DEISI24;a21803410;3;2019-03-08 15:44:35.000;;2019
64;Não Atribuido;16;DEISI9;;1;2019-03-08 22:39:56.000;;2019
65;;17;DEISI37;;3;2019-03-08 23:37:50.000;;2019
66;Atribuido;17;DEISI41;;4;2019-03-08 23:40:31.000;;2019
67;Atribuido;19;DEISI20;;2;2019-03-08 23:48:44.000;;2019
68;Não Atribuido;19;DEISI37;;3;2019-03-08 23:49:16.000;;2019
70;Não Atribuido;16;DEISI15;;2;2019-03-09 11:54:57.000;;2019
71;Não Atribuido;16;DEISI16;;3;2019-03-09 11:55:51.000;;2019
72;Não Atribuido;16;DEISI6;;4;2019-03-09 11:56:42.000;;2019
73;Atribuido;16;DEISI14;;5;2019-03-09 11:57:56.000;;2019
77;;9;DEISI42;;2;2019-03-09 14:56:20.000;;2019
78;Não Atribuido;;NDEISI45;a21604600;1;2019-03-09 23:37:24.000;;2019
79;Atribuido;23;DEISI66;;1;2019-03-11 10:50:11.000;;2019
80;Não Atribuido;;G57;a21700924;1;2019-03-11 14:16:06.000;;2019
81;Não Atribuido;;G67;a21800835;1;2019-03-11 14:51:09.000;;2019
82;Anulado;;DEISI19;a21006894;1;2019-03-12 09:10:57.000;;2019
83;Não Atribuido;;DEISI24;a21006894;2;2019-03-12 09:11:24.000;;2019
84;Não Atribuido;;DEISI18;a21006894;3;2019-03-12 09:11:50.000;;2019
85;Atribuido;;DEISI24;a21503536;4;2019-03-12 12:42:16.000;;2019
88;Atribuido;21;DEISI12;;1;2019-03-13 19:21:18.000;;2019
89;Não Atribuido;21;DEISI16;;2;2019-03-13 19:23:15.000;;2019
90;Não Atribuido;21;DEISI5;;3;2019-03-13 19:23:50.000;;2019
91;Atribuido;25;DEISI21;;1;2019-03-14 16:44:53.000;;2019
92;Não Atribuido;25;DEISI18;;2;2019-03-14 16:46:23.000;;2019
93;Não Atribuido;25;DEISI24;;3;2019-03-14 16:47:43.000;;2019
94;Não Atribuido;25;NDEISI43;;4;2019-03-14 16:48:48.000;;2019
95;Não Atribuido;25;NDEISI44;;5;2019-03-14 16:49:29.000;;2019
96;Atribuido;;DEISI70;a21701940;1;2019-03-14 18:48:58.000;;2019
97;Não Atribuido;;DEISI16;a21701940;2;2019-03-14 18:49:11.000;;2019
98;Não Atribuido;;NDEISI44;a21701940;3;2019-03-14 18:49:19.000;;2019
99;Atribuido;10;Empresa68;;1;2019-03-18 11:47:08.000;;2019
100;Atribuido;26;NDEISI43;;1;2019-03-19 19:35:39.000;;2019
101;Não Atribuido;26;NDEISI44;;2;2019-03-19 19:36:08.000;;2019
102;Não Atribuido;26;DEISI6;;3;2019-03-19 19:47:00.000;;2019
103;Não Atribuido;27;DEISI5;;4;2019-03-19 19:50:50.000;;2019
104;Atribuido;;G72;a21502583;1;2019-03-25 16:21:50.000;;2019
105;Atribuido;20;DEISI73;;1;2019-03-26 13:58:05.000;;2019
106;;;DEISI24;a21500221;2;2019-04-03 07:33:49.000;;2019
107;Atribuido;;Aluno63;a21604600;2;2019-04-06 11:50:30.000;;2019
108;Atribuido;24;Aluno72;;1;2019-04-09 22:58:17.000;;2019
110;Atribuido;22;Aluno67;;1;2019-04-18 11:17:51.000;;2019
111;Atribuido;22;Aluno67;;1;2019-04-18 11:41:41.000;;2019
112;Atribuido;14;Aluno57;;1;2019-04-18 11:54:59.000;;2019
116;;29;DEISI76;;3;2019-10-08 10:20:45.000;1;2019
117;;29;DEISI79;;5;2019-10-15 21:52:16.000;1;2019
120;Atribuido;29;DEISI83;;1;2019-10-05 17:33:14.000;1;2019
122;Atribuido;;Aluno87;a21703957;1;2019-10-07 17:15:26.000;1;2019
123;Atribuido;;Aluno88;a21705201;1;2019-10-07 17:15:43.000;1;2019
125;;29;DEISI86;;2;2019-10-08 10:20:36.000;1;2019
126;Atribuido;;DEISI89;a21703819;1;2019-10-15 19:27:11.000;1;2019
129;Não Atribuido;;DEISI86;a21704176;3;2019-10-21 14:21:32.000;1;2019
130;Não Atribuido;;DEISI95;a21704176;4;2019-10-21 14:21:12.000;1;2019
131;Não Atribuido;;DEISI97;a21704176;1;2019-10-09 23:33:31.000;1;2019
132;Não Atribuido;;DEISI97;a21703091;1;2019-10-10 23:28:22.000;1;2019
133;Atribuido;;DEISI95;a21703091;2;2019-10-15 00:13:11.000;1;2019
134;Não Atribuido;;DEISI96;a21703091;4;2019-10-16 22:36:59.000;1;2019
146;Atribuido;;DEISI76;a20060700;1;2019-10-12 23:26:46.000;1;2019
147;Não Atribuido;;DEISI86;a20060700;2;2019-10-12 23:47:38.000;1;2019
148;Não Atribuido;;DEISI98;a20060700;3;2019-10-12 23:58:51.000;1;2019
149;;30;DEISI98;;3;2019-10-22 08:19:12.000;1;2019
150;;30;DEISI84;;4;2019-10-22 08:18:44.000;1;2019
151;;31;DEISI97;;1;2019-10-14 14:51:42.000;1;2019
152;Atribuido;;Aluno94;a21702482;1;2019-10-14 14:54:23.000;1;2019
153;;31;DEISI91;;2;2019-10-14 14:55:42.000;1;2019
154;;31;DEISI95;;5;2019-10-15 22:26:25.000;1;2019
156;Não Atribuido;;DEISI79;a21701080;2;2019-10-15 08:56:39.000;1;2019
159;Não Atribuido;;DEISI90;a21701080;4;2019-10-14 21:01:47.000;1;2019
160;Não Atribuido;;DEISI95;a21701080;3;2019-10-15 08:56:28.000;1;2019
162;Atribuido;;DEISI97;a21701080;1;2019-10-15 08:54:37.000;1;2019
163;Não Atribuido;;DEISI97;a21702270;1;2019-10-14 22:04:36.000;1;2019
169;Não Atribuido;;DEISI95;a21702270;2;2019-10-14 22:12:12.000;1;2019
170;Atribuido;;DEISI93;a21702270;3;2019-10-14 22:12:43.000;1;2019
171;Não Atribuido;;DEISI92;a21702270;4;2019-10-14 22:13:02.000;1;2019
174;Não Atribuido;;DEISI96;a21702270;5;2019-10-14 22:13:41.000;1;2019
177;Atribuido;33;DEISI102;;4;2019-10-15 10:52:26.000;1;2019
178;;33;DEISI97;;3;2019-10-15 10:52:33.000;1;2019
179;;33;DEISI80;;2;2019-10-15 10:33:44.000;1;2019
181;;33;DEISI90;;1;2019-10-15 10:50:15.000;1;2019
182;;33;DEISI86;;5;2019-10-15 10:53:04.000;1;2019
183;Atribuido;32;G104;a21703349;1;2019-10-15 18:14:53.000;1;2019
185;Não Atribuido;;DEISI111;a21703819;2;2019-10-15 21:26:11.000;1;2019
186;Não Atribuido;;DEISI95;a21703819;3;2019-10-15 21:28:36.000;1;2019
187;Não Atribuido;;DEISI83;a21703819;4;2019-10-15 21:28:52.000;1;2019
188;Atribuido;;DEISI101;a21804872;1;2019-10-15 21:32:40.000;1;2019
189;Não Atribuido;;DEISI92;a21804872;2;2019-10-15 21:32:49.000;1;2019
190;Não Atribuido;;DEISI105;a21804872;3;2019-10-15 21:33:04.000;1;2019
191;Não Atribuido;;DEISI79;a21804872;4;2019-10-15 21:33:12.000;1;2019
192;Não Atribuido;;DEISI100;a21804872;5;2019-10-15 21:34:11.000;1;2019
193;;29;DEISI105;;4;2019-10-15 21:52:37.000;1;2019
194;;31;DEISI105;;4;2019-10-15 22:26:44.000;1;2019
195;;30;DEISI83;;2;2019-10-22 08:19:28.000;1;2019
196;Não Atribuido;;DEISI86;a21701080;5;2019-10-16 11:46:34.000;1;2019
202;Não Atribuido;;DEISI91;a21603443;1;2019-10-16 14:15:58.000;1;2019
203;Não Atribuido;;DEISI85;a21603443;2;2019-10-16 14:16:05.000;1;2019
204;Atribuido;;DEISI92;a21603443;3;2019-10-16 14:16:09.000;1;2019
205;Não Atribuido;;DEISI100;a21603443;4;2019-10-16 14:16:13.000;1;2019
210;Atribuido;36;DEISI90;;1;2019-10-16 16:59:18.000;1;2019
211;;36;DEISI95;;2;2019-10-16 17:00:13.000;1;2019
212;;36;DEISI76;;3;2019-10-16 17:00:36.000;1;2019
213;;36;DEISI97;;4;2019-10-16 17:01:04.000;1;2019
214;;36;DEISI86;;5;2019-10-16 17:01:45.000;1;2019
216;Atribuido;35;G112;a21703806;1;2019-10-16 18:02:35.000;1;2019
217;Atribuido;37;DEISI77;;1;2019-10-16 18:34:46.000;1;2019
218;;37;DEISI100;;2;2019-10-16 18:35:37.000;1;2019
219;;37;DEISI92;;3;2019-10-16 18:36:08.000;1;2019
220;;37;DEISI101;;4;2019-10-16 18:36:38.000;1;2019
221;;37;DEISI99;;5;2019-10-16 18:37:05.000;1;2019
229;Atribuido;;DEISI98;a21702364;1;2019-10-16 20:39:35.000;1;2019
230;Não Atribuido;;DEISI91;a21702364;3;2019-10-16 20:45:21.000;1;2019
231;Não Atribuido;;DEISI111;a21702364;4;2019-10-16 20:45:29.000;1;2019
232;Não Atribuido;;DEISI97;a21702364;2;2019-10-16 20:44:04.000;1;2019
233;Atribuido;42;DEISI75;;1;2019-10-17 11:36:18.000;1;2019
234;Atribuido;;DEISI111;a21705671;1;2019-10-16 21:30:34.000;1;2019
235;;;DEISI91;a21705671;2;2019-10-16 21:30:48.000;1;2019
236;;;DEISI97;a21705671;3;2019-10-24 20:33:36.000;1;2019
240;Não Atribuido;;DEISI95;a21705197;5;2019-10-17 00:03:59.000;1;2019
241;Não Atribuido;;DEISI84;a21705197;4;2019-10-17 00:05:07.000;1;2019
243;Não Atribuido;;DEISI111;a21703091;3;2019-10-16 22:37:08.000;1;2019
246;Não Atribuido;;DEISI111;a21705197;1;2019-10-17 23:02:31.000;1;2019
247;Não Atribuido;;DEISI105;a21705197;3;2019-10-17 00:05:14.000;1;2019
252;Não Atribuido;;DEISI105;a21703091;5;2019-10-17 08:53:04.000;1;2019
254;;41;DEISI91;;1;2019-10-17 10:17:32.000;1;2019
255;;41;DEISI83;;2;2019-10-17 10:17:58.000;1;2019
256;;41;DEISI111;;3;2019-10-17 10:18:18.000;1;2019
257;;41;DEISI98;;4;2019-10-17 10:18:45.000;1;2019
258;Atribuido;41;DEISI84;;5;2019-10-17 10:19:02.000;1;2019
259;Atribuido;43;DEISI105;;1;2019-10-17 15:40:27.000;1;2019
276;Não Atribuido;;DEISI80;a21702056;1;2019-10-17 20:20:41.000;1;2019
278;;;DEISI96;a21705671;4;2019-10-24 20:35:28.000;1;2019
279;;48;DEISI85;;4;2019-10-17 21:05:01.000;1;2019
280;;48;DEISI76;;3;2019-10-17 21:05:17.000;1;2019
281;Atribuido;48;DEISI91;;1;2019-10-17 20:59:15.000;1;2019
282;;48;DEISI92;;2;2019-10-17 21:06:14.000;1;2019
283;Atribuido;;DEISI96;a21705197;2;2019-10-17 23:03:09.000;1;2019
284;Atribuido;50;DEISI86;;1;2019-10-17 23:22:01.000;1;2019
285;;50;DEISI91;;2;2019-10-17 23:24:16.000;1;2019
286;;50;DEISI76;;3;2019-10-17 23:24:32.000;1;2019
287;;50;DEISI97;;5;2019-10-17 23:34:58.000;1;2019
288;Não Atribuido;;DEISI97;a21702056;2;2019-10-17 23:38:12.000;1;2019
289;Não Atribuido;;DEISI83;a21702056;3;2019-10-17 23:39:43.000;1;2019
290;;50;DEISI96;;4;2019-10-17 23:40:37.000;1;2019
291;Atribuido;49;G121;a21703974;1;2019-10-18 11:59:03.000;1;2019
292;Atribuido;47;G120;a21703906;1;2019-10-18 16:32:26.000;1;2019
293;Atribuido;40;Empresa113;;1;2019-10-18 22:41:29.000;1;2019
294;Atribuido;46;G119;a21705846;1;2019-10-19 13:05:46.000;1;2019
295;Não Atribuido;;NDEISI107;a21703819;5;2019-10-19 22:51:52.000;1;2019
296;Atribuido;;DEISI122;a21704176;2;2019-10-21 14:21:57.000;1;2019
297;Atribuido;30;Empresa114;;1;2019-10-22 08:19:48.000;1;2019
298;;30;DEISI90;;5;2019-10-22 08:22:55.000;1;2019
299;Atribuido;;Aluno82;a21705328;1;2019-10-23 15:38:04.000;1;2019
300;Não Atribuido;;DEISI97;a21802015;1;2019-10-23 19:05:22.000;1;2019
301;Atribuido;;DEISI99;a21802650;1;2019-10-24 11:07:44.000;1;2019
302;Não Atribuido;;NDEISI106;a21802650;2;2019-10-24 11:11:39.000;1;2019
303;Não Atribuido;;DEISI100;a21802650;3;2019-10-24 11:15:16.000;1;2019
304;;;DEISI93;a21705671;5;2019-10-24 20:35:53.000;1;2019
305;Atribuido;;DEISI123;a21801171;4;2019-10-27 15:50:22.000;1;2019
306;Não Atribuido;;DEISI124;a21907960;1;2019-10-26 17:54:33.000;1;2019
307;;;DEISI123;a21907960;2;2019-10-26 17:55:34.000;1;2019
308;Não Atribuido;;DEISI102;a21907960;3;2019-10-26 18:00:17.000;1;2019
309;Não Atribuido;;DEISI124;a21801171;1;2019-10-27 15:49:58.000;1;2019
310;Não Atribuido;;Empresa115;a21801171;5;2019-10-27 15:56:16.000;1;2019
311;Atribuido;31;DEISI124;;3;2019-10-29 12:13:47.000;1;2019
312;;45;NDEISI110;;1;2019-10-29 13:33:09.000;1;2019
313;Atribuido;45;NDEISI106;;2;2019-10-29 13:33:33.000;1;2019
314;;45;DEISI100;;3;2019-10-29 13:44:39.000;1;2019
315;;45;Empresa115;;4;2019-10-29 13:46:20.000;1;2019
316;;45;Empresa117;;5;2019-10-29 13:46:31.000;1;2019
321;Atribuido;;DEISI100;a21201528;2;2019-10-29 16:06:22.000;1;2019
322;Não Atribuido;;NDEISI106;a21201528;3;2019-10-29 16:06:41.000;1;2019
323;Não Atribuido;;NDEISI107;a21201528;4;2019-10-29 16:07:02.000;1;2019
324;Não Atribuido;;Empresa108;a21201528;1;2019-10-29 16:07:09.000;1;2019
325;Não Atribuido;;NDEISI110;a21201528;5;2019-10-29 16:07:18.000;1;2019
326;Não Atribuido;;NDEISI107;a21702361;1;2019-10-29 17:18:17.000;1;2019
327;Não Atribuido;;Empresa108;a21705356;1;2019-10-29 21:25:56.000;1;2019
330;;34;Empresa115;;1;2019-10-29 22:08:09.000;1;2019
331;Não Atribuido;34;NDEISI110;;2;2019-10-29 22:09:31.000;1;2019
332;;34;Empresa117;;3;2019-10-29 22:11:57.000;1;2019
333;Atribuido;;Empresa115;a21802015;2;2019-10-29 22:43:51.000;1;2019
334;Não Atribuido;44;G118;a21701870;1;2019-10-30 14:17:46.000;1;2019
335;Atribuido;;Aluno129;a21502753;1;2019-10-30 17:43:11.000;1;2019
336;Atribuido;38;DEISI125;;1;2019-10-30 22:43:32.000;1;2019
337;Atribuido;;EMPRESA117;a21702056;4;2019-10-31 15:26:29.000;1;2019
338;Atribuido;;DEISI133;a21604600;1;2020-04-26 00:00:00.000;1;2020
339;Atribuido;;DEISI134;a21502034;1;2020-04-26 00:00:00.000;1;2020
340;Atribuido;34;DEISI132;;1;2020-04-26 00:00:00.000;1;2020
341;Atribuido;;DEISI137;a21800043;1;2020-10-02 14:08:58.000;1;2020
342;Não Atribuido;;DEISI136;a21800043;2;2020-10-02 14:09:12.000;1;2020
343;Não Atribuido;;DEISI138;a21800043;3;2020-10-02 14:09:29.000;1;2020
344;Atribuido;51;DEISI135;;1;2020-10-02 14:13:38.000;1;2020
345;Não Atribuido;51;DEISI136;;2;2020-10-02 14:13:54.000;1;2020
346;Não Atribuido;51;DEISI137;;3;2020-10-02 14:14:06.000;1;2020
347;Não Atribuido;;DEISI149;a21805549;2;2020-10-02 15:00:48.000;1;2020
351;Não Atribuido;;DEISI154;a21805549;4;2020-10-06 22:37:58.000;1;2020
352;Não Atribuido;;DEISI155;a21805549;3;2020-10-06 22:38:19.000;1;2020
353;Não Atribuido;;DEISI136;a21806250;1;2020-10-07 10:16:20.000;1;2020
354;Não Atribuido;;DEISI143;a21806250;3;2020-10-07 10:12:24.000;1;2020
355;Não Atribuido;;DEISI144;a21806250;2;2020-10-07 10:23:56.000;1;2020
356;Atribuido;;Aluno142;a21807154;1;2020-10-07 19:28:51.000;1;2020
357;Atribuido;;Aluno146;a21805632;1;2020-10-07 19:29:16.000;1;2020
358;Atribuido;52;G169;;1;2020-10-07 19:35:13.000;1;2020
359;Não Atribuido;;DEISI136;a21803482;1;2020-10-09 11:41:55.000;1;2020
361;Atribuido;53;DEISI149;;1;2020-10-09 18:32:20.000;1;2020
362;Não Atribuido;53;DEISI143;;2;2020-10-09 18:32:53.000;1;2020
363;Atribuido;55;DEISI161;;1;2020-10-10 14:16:04.000;1;2020
364;Não Atribuido;55;DEISI173;;2;2020-10-10 14:22:42.000;1;2020
365;Não Atribuido;55;DEISI136;;4;2020-10-16 09:44:39.000;1;2020
366;Não Atribuido;;DEISI143;a21805522;1;2020-10-11 11:16:13.000;1;2020
367;Não Atribuido;;DEISI149;a21900126;3;2020-10-12 00:18:33.000;1;2020
368;Não Atribuido;;DEISI141;a21900126;5;2020-10-15 02:39:56.000;1;2020
371;Não Atribuido;;DEISI185;a21700547;2;2020-10-12 11:36:07.000;1;2020
372;Não Atribuido;;DEISI149;a21700547;3;2020-10-12 11:37:00.000;1;2020
374;Não Atribuido;;DEISI176;a21703925;1;2020-10-12 13:41:47.000;1;2020
375;Não Atribuido;;DEISI161;a21703925;2;2020-10-12 13:42:40.000;1;2020
376;Não Atribuido;;DEISI156;a21703925;4;2020-10-17 14:47:08.000;0;2020
378;Não Atribuido;59;DEISI136;;3;2020-10-13 19:35:03.000;1;2020
379;Não Atribuido;59;DEISI138;;2;2020-10-12 19:22:39.000;1;2020
380;Não Atribuido;59;DEISI138;;2;2020-10-12 19:22:39.000;1;2020
381;Não Atribuido;59;DEISI189;;4;2020-10-13 19:34:48.000;1;2020
382;Atribuido;58;G191;;1;2020-10-12 23:37:53.000;1;2020
383;Atribuido;;DEISI145;a21706025;1;2020-10-22 09:52:19.000;1;2020
384;Não Atribuido;;DEISI143;a21706025;2;2020-10-22 09:51:12.000;1;2020
385;Não Atribuido;;DEISI144;a21706025;3;2020-10-22 09:44:23.000;1;2020
386;Atribuido;59;DEISI198;;1;2020-10-13 19:33:32.000;1;2020
387;Atribuido;60;DEISI185;;1;2020-10-13 21:38:19.000;1;2020
388;Não Atribuido;60;DEISI195;;2;2020-10-13 21:39:08.000;1;2020
389;Não Atribuido;60;DEISI163;;3;2020-10-13 21:39:54.000;1;2020
390;Atribuido;54;G175;;1;2020-10-13 23:34:42.000;1;2020
391;Atribuido;61;DEISI160;;1;2020-10-14 11:11:23.000;1;2020
392;Não Atribuido;61;DEISI136;;2;2020-10-14 11:11:47.000;1;2020
393;Não Atribuido;61;DEISI152;;4;2020-10-14 11:35:36.000;1;2020
394;Não Atribuido;61;DEISI195;;3;2020-10-14 11:35:24.000;1;2020
395;Atribuido;62;DEISI184;;1;2020-10-14 14:37:39.000;1;2020
396;Não Atribuido;62;DEISI185;;2;2020-10-14 14:40:19.000;1;2020
397;Não Atribuido;;DEISI156;a21807001;3;2020-10-14 20:20:07.000;0;2020
398;Não Atribuido;;DEISI154;a21807001;2;2020-10-20 16:30:50.000;1;2020
399;Não Atribuido;;DEISI155;a21807001;4;2020-10-21 10:15:17.000;1;2020
402;Atribuido;;DEISI155;a21803731;1;2020-10-20 15:41:21.000;1;2020
403;Não Atribuido;;DEISI156;a21805817;1;2020-10-14 19:21:48.000;0;2020
404;Não Atribuido;;DEISI139;a21805817;2;2020-10-14 19:22:08.000;1;2020
405;Não Atribuido;;DEISI154;a21805817;3;2020-10-14 19:22:28.000;1;2020
406;Atribuido;;DEISI170;a21805817;4;2020-10-14 19:24:54.000;1;2020
407;Não Atribuido;57;DEISI156;;4;2020-10-14 19:54:46.000;0;2020
408;Atribuido;;DEISI154;a21803499;1;2020-10-21 11:46:59.000;1;2020
410;Não Atribuido;;DEISI152;a21900126;2;2020-10-15 02:47:54.000;1;2020
411;Atribuido;;DEISI163;a21900126;1;2020-10-15 02:46:57.000;1;2020
413;Não Atribuido;;DEISI184;a21900126;4;2020-10-15 02:57:34.000;1;2020
414;Não Atribuido;;DEISI189;a21702361;2;2020-10-15 13:15:23.000;1;2020
415;Não Atribuido;;DEISI156;a21702361;3;2020-10-15 13:15:47.000;0;2020
416;Não Atribuido;;DEISI200;a21700547;4;2020-10-15 13:30:36.000;1;2020
417;Atribuido;63;DEISI152;;1;2020-10-15 14:35:57.000;1;2020
418;Não Atribuido;63;DEISI200;;2;2020-10-15 14:36:34.000;1;2020
419;Não Atribuido;63;DEISI160;;3;2020-10-15 14:36:57.000;1;2020
420;Não Atribuido;63;DEISI161;;4;2020-10-15 14:37:27.000;1;2020
421;Atribuido;64;DEISI136;;1;2020-10-15 14:54:35.000;1;2020
422;Não Atribuido;64;DEISI195;;2;2020-10-15 14:56:36.000;1;2020
423;Não Atribuido;64;DEISI199;;3;2020-10-15 15:02:25.000;1;2020
424;Não Atribuido;64;DEISI160;;4;2020-10-15 15:02:53.000;1;2020
425;Não Atribuido;64;DEISI184;;5;2020-10-15 15:03:07.000;1;2020
426;Não Atribuido;62;DEISI160;;3;2020-10-15 18:11:01.000;1;2020
427;Atribuido;65;DEISI173;;1;2020-10-15 19:09:01.000;1;2020
428;Não Atribuido;65;DEISI200;;2;2020-10-15 19:51:42.000;1;2020
429;Não Atribuido;65;DEISI160;;3;2020-10-15 19:52:07.000;1;2020
430;Não Atribuido;65;DEISI180;;4;2020-10-15 19:53:21.000;1;2020
431;Não Atribuido;65;DEISI141;;5;2020-10-15 19:53:53.000;1;2020
432;Não Atribuido;;DEISI145;a21701018;3;2020-10-15 20:07:36.000;1;2020
434;Atribuido;;DEISI144;a21701018;2;2020-10-15 20:08:06.000;1;2020
435;Não Atribuido;;DEISI143;a21701018;1;2020-10-15 20:08:09.000;1;2020
436;Atribuido;;DEISI200;a21805549;1;2020-10-16 09:26:24.000;1;2020
437;Não Atribuido;55;DEISI200;;3;2020-10-16 09:45:00.000;1;2020
438;Atribuido;39;DEISI167;;2;2020-10-16 10:41:57.000;1;2020
439;Não Atribuido;39;DEISI200;;3;2020-10-16 10:51:00.000;1;2020
440;Não Atribuido;39;DEISI160;;4;2020-10-16 11:18:26.000;1;2020
441;Não Atribuido;39;DEISI161;;5;2020-10-16 11:18:44.000;1;2020
442;Não Atribuido;66;DEISI173;;1;2020-10-16 16:40:51.000;1;2020
443;Não Atribuido;;DEISI161;a21805677;1;2020-10-16 16:42:04.000;1;2020
444;Atribuido;66;DEISI138;;2;2020-10-16 16:51:48.000;1;2020
445;Não Atribuido;66;DEISI189;;3;2020-10-16 16:53:32.000;1;2020
446;Não Atribuido;;DEISI139;a21805677;3;2020-10-16 17:11:52.000;1;2020
447;Não Atribuido;;DEISI200;a21805677;2;2020-10-16 17:15:52.000;1;2020
448;Atribuido;;DEISI140;a21600035;1;2020-10-16 22:37:15.000;1;2020
450;Atribuido;40;DEISI202;;2;2020-10-16 23:29:29.000;1;2020
454;Atribuido;;DEISI203;a21703925;3;2020-10-17 14:47:29.000;1;2020
455;Não Atribuido;;DEISI200;a21701018;4;2020-10-17 15:08:36.000;1;2020
457;Não Atribuido;;DEISI139;a21600035;2;2020-10-17 20:47:47.000;1;2020
458;Não Atribuido;;DEISI158;a21600035;3;2020-10-18 00:59:06.000;1;2020
459;Atribuido;;DEISI143;a21702420;1;2020-10-18 05:19:54.000;1;2020
460;Não Atribuido;;DEISI144;a21702420;2;2020-10-18 05:20:34.000;1;2020
461;Não Atribuido;;DEISI145;a21702420;3;2020-10-18 05:21:12.000;1;2020
462;Não Atribuido;67;DEISI182;;3;2020-10-18 19:49:09.000;1;2020
463;Não Atribuido;;DEISI144;a21805522;2;2020-10-18 17:07:44.000;1;2020
464;Não Atribuido;67;DEISI173;;4;2020-10-18 19:48:55.000;1;2020
465;Não Atribuido;;DEISI141;a21805522;3;2020-10-18 17:11:29.000;1;2020
466;Atribuido;;Aluno168;a21807232;1;2020-10-18 18:30:46.000;1;2020
467;Atribuido;;Aluno194;a21700052;1;2020-10-18 18:34:14.000;1;2020
468;Atribuido;;Aluno171;a21807838;1;2020-10-18 18:34:50.000;1;2020
469;Atribuido;67;DEISI139;;2;2020-10-18 19:49:41.000;1;2020
470;Atribuido;;DEISI199;a21803482;2;2020-10-18 21:42:05.000;1;2020
471;Não Atribuido;;DEISI200;a21803482;3;2020-10-18 21:42:35.000;1;2020
472;Não Atribuido;;DEISI151;a21604343;2;2020-10-18 23:08:16.000;0;2020
473;Não Atribuido;;DEISI160;a21604343;1;2020-10-18 23:08:31.000;1;2020
474;Atribuido;;DEISI189;a21604343;3;2020-10-18 23:09:06.000;1;2020
475;anulado;;DEISI206;a21807001;1;2020-10-21 10:15:32.000;0;2020
476;Atribuido;;Aluno174;a21700547;1;2020-10-21 14:31:40.000;1;2020
477;Atribuido;;Aluno205;a21906962;1;2020-10-21 14:34:03.000;1;2020
478;Atribuido;;DEISI176;a21807001;1;2020-10-21 16:45:00.000;1;2020
479;Atribuido;;DEISI179;a21505293;1;2020-10-26 22:49:48.000;1;2020
480;Não Atribuido;;DEISI180;a21705356;2;2020-10-28 09:54:59.000;1;2020
481;Atribuido;;DEISI183;a21705356;3;2020-10-28 09:55:11.000;1;2020
482;Não Atribuido;;DEISI178;a21705356;4;2020-10-28 09:56:05.000;1;2020
483;Atribuido;;Aluno157;a21006894;1;2020-10-31 00:00:00.000;1;2020
484;Não Atribuido;;DEISI141;a21705356;5;2020-11-04 09:52:40.000;1;2020
485;Atribuido;;DEISI207;a21805522;4;2020-11-06 17:26:16.000;1;2020
486;Atribuido;;DEISI141;a21702361;4;2020-11-07 15:28:46.000;1;2020
487;Atribuido;;Aluno206;a21805677;0;2020-11-06 00:00:00.000;1;2020
488;Não Atribuido;;DEISI159;a21806250;4;2020-11-11 09:31:48.000;1;2020
489;Não Atribuido;;DEISI164;a21806250;5;2020-11-11 09:39:15.000;1;2020
490;Atribuido;;DEISI208;a21810092;1;2020-11-11 11:44:14.000;1;2020
491;Não Atribuido;;DEISI200;a20060705;1;2020-11-13 10:06:40.000;1;2020
492;Atribuido;;DEISI209;a20060705;2;2020-11-18 18:00:26.000;1;2020
493;Atribuido;;DEISI210;a21806225;1;2021-08-01 00:00:00.000;1;2020
494;Atribuido;68;DEISI216;;1;2021-10-01 14:18:16.000;1;2021
495;Atribuido;69;DEISI221;;1;2021-10-02 13:24:56.000;1;2021
496;Não Atribuido;69;DEISI213;;2;2021-10-12 12:28:14.000;1;2021
497;Não Atribuido;69;DEISI218;;3;2021-10-12 12:28:25.000;1;2021
499;Não Atribuido;69;DEISI211;;4;2021-10-02 13:35:48.000;1;2021
500;Não Atribuido;;DEISI212;a21702361;1;2021-10-04 12:30:09.000;1;2021
501;Atribuido;70;DEISI214;;1;2021-10-04 22:20:48.000;1;2021
502;Não Atribuido;71;DEISI213;;3;2021-10-04 22:23:20.000;1;2021
503;Não Atribuido;;DEISI217;a21902813;4;2021-10-04 22:23:41.000;1;2021
504;Não Atribuido;72;DEISI211;;5;2021-10-04 22:27:25.000;1;2021
505;Não Atribuido;;DEISI217;a21904825;4;2021-10-04 22:28:31.000;1;2021
506;Atribuido;;DEISI217;a22002197;1;2021-10-05 15:08:26.000;1;2021
507;Não Atribuido;;DEISI218;a22002197;2;2021-10-05 15:09:54.000;1;2021
508;Não Atribuido;;DEISI212;a22002197;3;2021-10-05 15:10:12.000;1;2021
509;Não Atribuido;;DEISI215;a22002197;4;2021-10-05 15:10:31.000;1;2021
510;Atribuido;73;DEISI223;;1;2021-10-06 11:52:48.000;1;2021
511;Atribuido;74;DEISI211;;1;2021-10-06 20:02:58.000;1;2021
512;Atribuido;75;DEISI222;;1;2021-10-06 20:10:44.000;1;2021
513;Não Atribuido;;DEISI225;a21902660;1;2021-10-08 09:05:36.000;1;2021
514;Não Atribuido;;DEISI223;a21902660;2;2021-10-08 09:08:18.000;1;2021
515;Não Atribuido;;DEISI222;a21800876;2;2021-10-09 19:53:14.000;1;2021
516;Não Atribuido;;DEISI214;a21800876;3;2021-10-09 19:54:01.000;1;2021
517;Não Atribuido;;DEISI212;a21800876;4;2021-10-09 19:54:10.000;1;2021
518;Não Atribuido;;DEISI224;a21902660;3;2021-10-10 15:53:58.000;1;2021
519;Não Atribuido;;DEISI218;a21905158;3;2021-10-10 16:13:05.000;1;2021
520;Não Atribuido;77;DEISI213;;2;2021-10-10 18:23:54.000;1;2021
521;Não Atribuido;77;DEISI221;;3;2021-10-10 18:24:12.000;1;2021
522;Não Atribuido;77;DEISI216;;4;2021-10-10 18:24:43.000;1;2021
523;Não Atribuido;78;DEISI212;;1;2021-10-10 19:32:38.000;1;2021
524;Atribuido;79;DEISI212;;1;2021-10-11 10:08:09.000;1;2021
525;Não Atribuido;79;DEISI213;;2;2021-10-11 10:14:27.000;1;2021
526;Não Atribuido;79;DEISI226;;3;2021-10-11 10:16:48.000;1;2021
527;Não Atribuido;68;DEISI235;;2;2021-10-11 10:25:07.000;1;2021
528;Não Atribuido;68;DEISI221;;3;2021-10-11 10:37:23.000;1;2021
529;Não Atribuido;;DEISI237;a21905840;2;2021-10-11 19:17:48.000;1;2021
530;Não Atribuido;;DEISI233;a21905840;3;2021-10-15 22:01:13.000;1;2021
531;Não Atribuido;;DEISI235;a21905840;4;2021-10-11 19:23:28.000;1;2021
532;Não Atribuido;;DEISI233;a21905158;1;2021-10-11 22:37:34.000;1;2021
533;Não Atribuido;;DEISI235;a21905158;2;2021-10-11 22:46:49.000;1;2021
534;Atribuido;80;DEISI235;;1;2021-10-12 08:43:44.000;1;2021
535;Não Atribuido;80;DEISI239;;5;2021-10-14 20:55:39.000;1;2021
536;Não Atribuido;80;DEISI237;;2;2021-10-12 08:49:17.000;1;2021
537;Não Atribuido;80;DEISI240;;4;2021-10-12 08:50:28.000;1;2021
538;Atribuido;81;DEISI241;;1;2021-10-12 10:33:18.000;1;2021
539;Não Atribuido;81;DEISI242;;2;2021-10-12 10:34:44.000;1;2021
540;Não Atribuido;81;DEISI239;;3;2021-10-12 10:35:21.000;1;2021
541;Não Atribuido;69;DEISI239;;5;2021-10-12 12:28:58.000;1;2021
542;Não Atribuido;73;DEISI237;;2;2021-10-12 15:01:04.000;1;2021
543;Atribuido;77;DEISI240;;1;2021-10-12 15:25:18.000;1;2021
544;Não Atribuido;77;DEISI239;;5;2021-10-12 15:26:43.000;1;2021
545;Não Atribuido;;DEISI241;a21702361;2;2021-10-12 15:49:28.000;1;2021
546;Atribuido;;Aluno230;a21600035;1;2021-10-12 23:06:38.000;1;2021
547;Atribuido;;Aluno228;a21905661;1;2021-10-12 23:12:46.000;1;2021
548;Atribuido;;DEISI231;a21700052;1;2021-10-13 17:48:25.000;1;2021
549;Não Atribuido;;DEISI224;a21700052;2;2021-10-13 17:48:46.000;1;2021
550;Não Atribuido;;DEISI226;a21700052;3;2021-10-13 17:49:48.000;1;2021
551;Atribuido;;DEISI237;a21805799;1;2021-10-13 21:28:24.000;1;2021
552;Não Atribuido;;DEISI241;a21805799;2;2021-10-13 21:28:39.000;1;2021
553;Não Atribuido;;DEISI231;a21805799;3;2021-10-13 21:28:47.000;1;2021
554;Não Atribuido;;DEISI242;a21805799;4;2021-10-13 21:28:55.000;1;2021
555;Anulado;;Aluno220;a20065449;1;2021-10-13 22:07:54.000;1;2021
556;Não Atribuido;73;DEISI239;;3;2021-10-13 22:27:11.000;1;2021
557;Atribuido;;DEISI219;a21906179;1;2021-10-14 14:14:57.000;1;2021
558;Não Atribuido;;DEISI236;a21906179;2;2021-10-14 14:15:12.000;1;2021
559;Não Atribuido;;Empresa248;a21906179;3;2021-10-14 14:15:21.000;1;2021
560;Não Atribuido;;DEISI215;a21906179;4;2021-10-14 14:16:01.000;1;2021
561;Não Atribuido;;DEISI238;a21906179;5;2021-10-14 14:16:36.000;1;2021
562;Atribuido;78;DEISI213;;2;2021-10-14 15:24:01.000;1;2021
563;Não Atribuido;;DEISI249;a21703237;1;2021-10-14 15:28:19.000;1;2021
564;Não Atribuido;;DEISI232;a21703237;3;2021-10-14 15:27:52.000;1;2021
565;Não Atribuido;78;DEISI218;;3;2021-10-14 15:30:30.000;1;2021
568;Não Atribuido;;DEISI218;a21703237;2;2021-10-14 15:39:33.000;1;2021
570;Não Atribuido;78;DEISI242;;4;2021-10-14 15:44:23.000;1;2021
571;Não Atribuido;78;DEISI243;;5;2021-10-14 15:46:55.000;1;2021
572;Não Atribuido;40;DEISI219;;1;2021-10-14 17:24:22.000;1;2021
573;Não Atribuido;80;DEISI234;;3;2021-10-14 20:56:21.000;1;2021
574;Atribuido;82;DEISI243;;1;2021-10-14 21:41:03.000;1;2021
576;Não Atribuido;82;DEISI213;;2;2021-10-14 22:02:31.000;1;2021
577;Não Atribuido;82;DEISI238;;3;2021-10-14 22:08:28.000;1;2021
578;Não Atribuido;82;DEISI249;;4;2021-10-14 22:11:09.000;1;2021
581;Atribuido;;Aluno252;a21504084;1;2021-10-14 23:19:58.000;1;2021
582;Anulado;;Aluno220;a20065449;1;2021-10-14 23:20:26.000;1;2021
583;Não Atribuido;83;DEISI238;;1;2021-10-14 23:36:38.000;1;2021
584;Não Atribuido;83;DEISI239;;2;2021-10-14 23:37:45.000;1;2021
585;Não Atribuido;;DEISI239;a21806180;1;2021-10-14 23:38:44.000;1;2021
586;Não Atribuido;;DEISI224;a21806180;3;2021-10-15 00:22:17.000;1;2021
587;Atribuido;83;DEISI218;;3;2021-10-14 23:45:17.000;1;2021
588;Não Atribuido;;DEISI242;a21806180;2;2021-10-15 00:22:29.000;1;2021
589;Não Atribuido;83;DEISI235;;4;2021-10-15 09:14:29.000;1;2021
590;Atribuido;;DEISI239;a21800876;1;2021-10-15 09:41:30.000;1;2021
591;Não Atribuido;83;DEISI233;;5;2021-10-15 10:06:50.000;1;2021
592;Não Atribuido;;DEISI227;a21906959;1;2021-10-15 13:33:38.000;1;2021
593;Não Atribuido;;DEISI218;a21906959;2;2021-10-15 13:33:40.000;1;2021
594;Não Atribuido;;DEISI226;a21906959;3;2021-10-15 13:33:42.000;1;2021
595;Atribuido;;DEISI233;a21906959;4;2021-10-15 14:51:39.000;1;2021
596;Não Atribuido;40;DEISI239;;2;2021-10-15 15:31:28.000;1;2021
597;Não Atribuido;40;DEISI242;;3;2021-10-15 15:31:54.000;1;2021
598;Não Atribuido;40;DEISI213;;4;2021-10-15 15:32:10.000;1;2021
599;Não Atribuido;;DEISI232;a21700052;4;2021-10-15 16:53:19.000;1;2021
600;Não Atribuido;;DEISI224;a22007545;1;2021-10-15 19:24:08.000;1;2021
601;Não Atribuido;;DEISI227;a22007545;3;2021-10-15 19:25:36.000;1;2021
602;Não Atribuido;;DEISI226;a22007545;2;2021-10-15 19:26:25.000;1;2021
603;Não Atribuido;;DEISI243;a21701018;2;2021-10-15 19:31:28.000;1;2021
604;Atribuido;;DEISI227;a21701018;3;2021-10-15 19:32:55.000;1;2021
605;Não Atribuido;;DEISI238;a21701018;1;2021-10-15 19:33:37.000;1;2021
607;Atribuido;85;Empresa248;;1;2021-10-15 20:46:16.000;1;2021
608;Não Atribuido;85;DEISI239;;3;2021-10-15 20:46:40.000;1;2021
609;Não Atribuido;85;DEISI238;;2;2021-10-15 20:47:32.000;1;2021
611;Atribuido;;DEISI242;a20060700;1;2021-10-15 22:18:30.000;1;2021
612;Não Atribuido;;DEISI239;a20060700;2;2021-10-15 22:22:48.000;1;2021
613;Não Atribuido;;DEISI249;a21904946;2;2021-10-15 23:10:16.000;1;2021
614;Não Atribuido;;DEISI239;a21904946;1;2021-10-15 23:10:56.000;1;2021
615;Não Atribuido;;DEISI224;a21904946;3;2021-10-15 23:11:34.000;1;2021
616;Não Atribuido;;DEISI226;a21904946;4;2021-10-15 23:12:10.000;1;2021
617;Não Atribuido;;DEISI247;a21904946;5;2021-10-15 23:13:03.000;1;2021
618;Atribuido;;DEISI238;a21906962;1;2021-10-15 23:21:45.000;1;2021
619;Não Atribuido;;DEISI235;a21906962;2;2021-10-15 23:22:27.000;1;2021
620;Não Atribuido;;DEISI215;a21906962;3;2021-10-15 23:22:39.000;1;2021
622;Não Atribuido;;DEISI227;a21906962;4;2021-10-15 23:23:01.000;1;2021
623;Não Atribuido;;DEISI242;a21906962;5;2021-10-15 23:23:26.000;1;2021
624;Atribuido;;DEISI234;a21905158;4;2021-10-15 23:49:01.000;1;2021
625;Atribuido;86;G255;;1;2021-10-16 00:21:14.000;1;2021
626;Atribuido;84;G254;;1;2021-10-16 00:21:29.000;1;2021
627;Atribuido;87;DEISI225;;4;2021-10-16 00:26:45.000;1;2021
628;Atribuido;88;DEISI256;;1;2021-10-16 12:52:39.000;1;2021
629;Atribuido;;DEISI232;a22003398;1;2021-10-16 21:04:38.000;1;2021
630;Não Atribuido;;DEISI234;a21502898;1;2021-10-17 12:03:55.000;1;2021
631;Não Atribuido;;DEISI238;a21502898;2;2021-10-17 12:08:13.000;1;2021
632;Não Atribuido;;DEISI218;a21502898;3;2021-10-17 12:10:44.000;1;2021
634;Atribuido;89;Empresa251;;1;2021-10-18 14:55:59.000;1;2021
635;Atribuido;40;DEISI224;;5;2021-10-18 16:13:49.000;1;2021
636;Não Atribuido;;DEISI213;a21502276;1;2021-10-19 13:12:31.000;1;2021
637;Não Atribuido;;DEISI257;a21502276;3;2021-10-19 13:13:10.000;1;2021
638;Atribuido;;DEISI215;a21502276;2;2021-10-19 13:13:15.000;1;2021
639;Não Atribuido;;DEISI224;a22101527;1;2021-10-19 13:21:53.000;1;2021
640;Não Atribuido;;DEISI226;a22101527;2;2021-10-19 13:23:25.000;1;2021
641;Não Atribuido;;DEISI218;a22101527;3;2021-10-19 13:24:29.000;1;2021
642;Não Atribuido;;DEISI258;a21702361;3;2021-10-20 12:20:38.000;1;2021
644;Não Atribuido;;DEISI234;a21805677;1;2021-10-21 22:57:02.000;1;2021
645;Não Atribuido;;DEISI258;a21805677;2;2021-10-21 22:57:27.000;1;2021
646;A Aguardar Atribuição;;DEISI257;a21805677;3;2021-10-21 22:57:35.000;1;2021
647;Atribuido;;Aluno244;a21904946;1;2021-10-22 00:26:46.000;1;2021
648;Atribuido;;DEISI258;a21906966;1;2021-10-22 09:20:01.000;1;2021
649;Não Atribuido;;DEISI257;a21701018;4;2021-10-22 10:25:48.000;1;2021
650;Atribuido;;Aluno259;a21505293;1;2021-10-23 23:36:34.000;1;2021
651;Não Atribuido;;DEISI257;a22003435;1;2021-10-24 22:27:18.000;1;2021
652;Atribuido;;DEISI247;a21702361;4;2021-10-25 00:13:47.000;1;2021
653;Não Atribuido;;DEISI224;a22003435;2;2021-10-25 00:25:17.000;1;2021
654;Atribuido;;DEISI226;a21502898;4;2021-10-25 08:34:40.000;1;2021
655;Não Atribuido;;DEISI247;a21502898;5;2021-10-25 08:40:58.000;1;2021
656;Não Atribuido;;DEISI226;a22003435;3;2021-10-25 09:51:48.000;1;2021
657;Atribuido;;DEISI260;a22003435;4;2021-10-27 08:32:59.000;1;2021
658;Atribuido;;DEISI236;a21902652;1;2021-10-27 20:37:35.000;1;2021
659;Não Atribuido;;DEISI260;a21902652;2;2021-10-27 20:38:24.000;1;2021
660;Não Atribuido;;DEISI263;a21902652;3;2021-10-27 20:38:38.000;1;2021
661;Atribuido;;DEISI263;a21703237;4;2021-10-27 23:48:06.000;1;2021
662;Atribuido;;Empresa261;a21806180;4;2021-10-28 22:51:02.000;1;2021
663;Não Atribuido;;DEISI257;a21904401;1;2021-11-04 22:17:43.000;1;2021
664;Não Atribuido;;DEISI265;a21904401;2;2021-11-04 22:24:11.000;1;2021
665;Não Atribuido;;DEISI246;a21904401;3;2021-11-04 22:24:27.000;1;2021
666;Não Atribuido;;DEISI257;a21806250;1;2021-11-08 10:54:16.000;1;2021
667;Não Atribuido;;DEISI246;a21806250;2;2021-11-08 10:55:33.000;1;2021
668;Atribuido;;Aluno266;a21805677;1;2021-11-28 00:00:00.000;1;2021
670;Atribuido;;DEISI274;a21906899;1;2022-09-26 23:02:10.000;1;2022
673;Não Atribuido;;DEISI279;a22003766;1;2022-09-27 22:09:47.000;1;2022
679;Atribuido;91;DEISI279;;1;2022-09-27 22:21:52.000;1;2022
680;Atribuido;92;DEISI278;;1;2022-10-03 11:11:37.000;1;2022
684;Não Atribuido;93;DEISI278;;1;2022-09-29 18:49:34.000;1;2022
689;Atribuido;94;DEISI269;;1;2022-09-30 11:48:37.000;1;2022
691;Atribuido;;DEISI291;a22004275;1;2022-09-30 17:07:39.000;1;2022
692;Atribuido;95;DEISI280;;1;2022-09-30 21:58:26.000;1;2022
693;Não Atribuido;95;DEISI277;;3;2022-09-30 22:02:58.000;1;2022
694;Não Atribuido;96;DEISI271;;1;2022-10-01 10:07:13.000;1;2022
696;Não Atribuido;;DEISI271;a21904209;1;2022-10-01 22:02:38.000;1;2022
697;Atribuido;;DEISI290;a21904209;2;2022-10-07 15:23:21.000;1;2022
698;Não Atribuido;;DEISI280;a21904209;3;2022-10-01 22:19:25.000;1;2022
701;Atribuido;;DEISI271;a22002153;1;2022-10-02 17:04:06.000;1;2022
702;A Aguardar Atribuição;;DEISI292;a22002153;2;2022-10-02 18:39:40.000;1;2022
704;Atribuido;;DEISI270;a22004242;1;2022-10-02 22:21:23.000;1;2022
705;Não Atribuido;;DEISI269;a22004242;2;2022-10-02 22:21:47.000;1;2022
706;Não Atribuido;;DEISI278;a22004242;3;2022-10-02 22:26:46.000;1;2022
707;Não Atribuido;;DEISI294;a22003766;3;2022-10-03 08:19:09.000;0;2022
710;Atribuido;90;DEISI297;;1;2022-10-03 09:05:42.000;1;2022
711;Não Atribuido;96;DEISI297;;3;2022-10-03 09:55:23.000;1;2022
712;Atribuido;99;DEISI272;;1;2022-10-03 10:22:28.000;1;2022
717;;98;DEISI294;;4;2022-10-03 11:10:02.000;0;2022
719;Atribuido;101;DEISI298;;1;2022-10-03 12:38:02.000;1;2022
720;Não Atribuido;;DEISI294;a21906899;2;2022-10-03 14:53:30.000;0;2022
721;Não Atribuido;;DEISI295;a21906899;4;2022-10-03 14:58:08.000;1;2022
722;Não Atribuido;;DEISI296;a21906899;5;2022-10-03 14:57:55.000;1;2022
724;A Aguardar Atribuição;;DEISI292;a21906899;3;2022-10-03 14:58:25.000;1;2022
726;Não Atribuido;;DEISI297;a22003766;4;2022-10-03 19:41:11.000;1;2022
732;Atribuido;;DEISI282;a21702361;1;2022-10-04 10:56:34.000;1;2022
733;Atribuido;;DEISI307;a22003766;2;2022-10-04 14:13:49.000;1;2022
734;Atribuido;97;G293;;1;2022-10-04 23:38:59.000;1;2022
736;Atribuido;102;DEISI302;;1;2022-10-05 15:37:09.000;1;2022
737;Não Atribuido;102;DEISI303;;2;2022-10-05 15:37:33.000;1;2022
738;Atribuido;103;DEISI303;;1;2022-10-05 15:37:41.000;1;2022
739;Não Atribuido;103;DEISI302;;2;2022-10-05 15:38:25.000;1;2022
740;Não Atribuido;103;DEISI295;;5;2022-10-05 15:40:22.000;1;2022
741;Não Atribuido;102;DEISI268;;5;2022-10-05 15:46:25.000;1;2022
743;Não Atribuido;;DEISI290;a22001658;2;2022-10-05 17:39:26.000;1;2022
744;Atribuido;;DEISI277;a22001658;1;2022-10-06 12:47:44.000;1;2022
751;Atribuido;93;DEISI308;;2;2022-10-06 15:47:01.000;1;2022
752;Atribuido;106;DEISI309;;1;2022-10-06 15:52:40.000;1;2022
754;Não Atribuido;;DEISI295;a21804766;1;2022-10-06 16:14:25.000;1;2022
762;Não Atribuido;;DEISI273;a21702361;2;2022-10-07 09:56:55.000;1;2022
763;Atribuido;;DEISI316;a22002402;1;2022-10-07 12:06:03.000;1;2022
764;Atribuido;;DEISI317;a21704025;1;2022-10-07 15:54:29.000;1;2022
765;Atribuido;107;DEISI305;;1;2022-10-07 17:15:24.000;1;2022
766;Não Atribuido;107;DEISI313;;2;2022-10-07 17:21:26.000;1;2022
767;Não Atribuido;107;DEISI295;;3;2022-10-07 17:23:32.000;1;2022
769;Não Atribuido;;DEISI295;a22102727;3;2022-10-07 20:05:38.000;1;2022
770;Não Atribuido;;DEISI290;a22102727;4;2022-10-07 20:06:11.000;1;2022
771;Não Atribuido;;DEISI296;a22102727;2;2022-10-07 20:06:27.000;1;2022
774;Não Atribuido;;DEISI295;a21904209;4;2022-10-07 22:54:38.000;1;2022
775;Não Atribuido;;DEISI321;a21905158;1;2022-10-16 22:59:09.000;1;2022
778;Não Atribuido;;Empresa310;a21700980;1;2022-10-09 22:32:18.000;1;2022
779;Atribuido;;DEISI296;a21700980;2;2022-10-09 22:33:13.000;1;2022
780;Não Atribuido;;DEISI295;a21700980;3;2022-10-09 22:33:30.000;1;2022
781;Não Atribuido;;DEISI314;a21700980;4;2022-10-09 22:34:59.000;1;2022
782;Não Atribuido;;DEISI318;a21700980;5;2022-10-09 22:36:47.000;1;2022
783;Não Atribuido;110;DEISI321;;1;2022-10-11 15:23:39.000;1;2022
785;Não Atribuido;110;DEISI295;;3;2022-10-11 15:29:44.000;1;2022
786;Atribuido;96;DEISI314;;2;2022-10-10 13:20:23.000;1;2022
787;Atribuido;109;DEISI300;;1;2022-10-10 14:58:21.000;1;2022
789;Atribuido;;Aluno323;a21502898;1;2022-10-10 17:31:28.000;1;2022
791;Atribuido;;DEISI324;a22103724;1;2022-10-11 10:02:53.000;1;2022
793;Não Atribuido;;DEISI273;a22103724;2;2022-10-11 10:09:09.000;1;2022
794;Não Atribuido;;Empresa319;a22103724;3;2022-10-11 10:13:30.000;1;2022
795;Atribuido;110;Empresa310;;2;2022-10-11 15:35:49.000;1;2022
797;Atribuido;;Empresa306;a21600035;1;2022-10-11 18:10:12.000;1;2022
798;Não Atribuido;;Empresa319;a21600035;2;2022-10-11 18:10:46.000;1;2022
799;Atribuido;;Empresa319;a22004247;1;2022-10-11 20:09:03.000;1;2022
800;Atribuido;;DEISI318;a22102727;1;2022-10-11 20:17:13.000;1;2022
803;Não Atribuido;;DEISI326;a22001658;3;2022-10-12 15:35:39.000;1;2022
808;Não Atribuido;112;DEISI327;;4;2022-10-12 22:20:15.000;1;2022
809;Atribuido;;DEISI273;a21905840;1;2022-10-12 23:43:26.000;1;2022
810;Não Atribuido;;DEISI275;a21905840;2;2022-10-12 23:47:34.000;1;2022
811;Não Atribuido;;DEISI295;a21905840;3;2022-10-12 23:57:08.000;1;2022
812;Não Atribuido;;DEISI327;a21905840;4;2022-10-12 23:58:14.000;1;2022
813;Não Atribuido;;DEISI299;a21905840;5;2022-10-13 00:00:33.000;1;2022
815;Não Atribuido;98;DEISI327;;3;2022-10-13 10:49:57.000;1;2022
817;Não Atribuido;98;DEISI321;;5;2022-10-13 12:20:25.000;1;2022
818;Não Atribuido;;DEISI326;a22004247;2;2022-10-13 12:41:01.000;1;2022
819;A Aguardar Atribuição;;DEISI292;a22004247;3;2022-10-13 12:42:12.000;1;2022
820;Não Atribuido;;DEISI292;a22007560;2;2022-10-13 14:13:04.000;1;2022
821;Não Atribuido;;DEISI275;a22007560;3;2022-10-13 14:13:17.000;1;2022
822;Não Atribuido;;Empresa306;a22007560;4;2022-10-13 14:15:16.000;1;2022
823;Não Atribuido;114;Empresa306;;1;2022-10-14 00:04:21.000;1;2022
824;Atribuido;114;DEISI327;;2;2022-10-14 00:04:55.000;1;2022
825;Não Atribuido;114;DEISI313;;3;2022-10-14 00:19:39.000;1;2022
826;Não Atribuido;114;DEISI321;;4;2022-10-14 00:20:08.000;1;2022
827;Não Atribuido;104;DEISI327;;1;2022-10-14 01:17:19.000;1;2022
828;Atribuido;;DEISI330;a22007519;2;2022-10-14 01:17:41.000;1;2022
830;Não Atribuido;;DEISI327;a22102727;5;2022-10-14 08:51:46.000;1;2022
832;Não Atribuido;98;DEISI331;;2;2022-10-14 10:25:37.000;1;2022
833;Atribuido;98;DEISI334;;1;2022-10-14 12:15:20.000;1;2022
834;A Aguardar Atribuição;;DEISI292;a21600035;3;2022-10-14 14:13:54.000;1;2022
835;Não Atribuido;106;DEISI333;;2;2022-10-14 18:41:30.000;1;2022
836;Atribuido;;DEISI341;a22004356;1;2022-10-14 19:02:34.000;1;2022
837;Não Atribuido;;DEISI341;a22103831;2;2022-10-14 21:56:16.000;1;2022
839;Atribuido;;DEISI336;a21906962;1;2022-10-14 22:03:18.000;1;2022
840;Não Atribuido;;DEISI268;a21906962;2;2022-10-14 22:03:32.000;1;2022
841;Não Atribuido;;DEISI339;a21906962;4;2022-10-14 22:37:41.000;1;2022
843;Não Atribuido;;DEISI341;a21906962;5;2022-10-14 22:04:43.000;1;2022
846;Atribuido;115;DEISI343;;1;2022-10-14 22:25:01.000;1;2022
847;Não Atribuido;;DEISI343;a21906962;3;2022-10-14 22:37:56.000;1;2022
848;Não Atribuido;;DEISI288;a21006894;3;2022-10-16 21:05:39.000;1;2022
850;Não Atribuido;;DEISI287;a21804766;4;2022-10-15 13:58:52.000;1;2022
851;Não Atribuido;;DEISI345;a21802015;1;2022-10-15 15:48:44.000;1;2022
853;Atribuido;;DEISI315;a21802015;2;2022-10-15 15:53:35.000;1;2022
856;Atribuido;;DEISI345;a21803339;2;2022-10-15 17:31:47.000;1;2022
857;Atribuido;;DEISI301;a21805677;1;2022-10-15 22:10:59.000;1;2022
858;Não Atribuido;;DEISI337;a21805677;2;2022-10-15 22:11:13.000;1;2022
859;Não Atribuido;;DEISI338;a21805677;3;2022-10-15 22:11:49.000;1;2022
860;Atribuido;;DEISI326;a22006053;1;2022-10-16 14:59:12.000;1;2022
862;Atribuido;100;DEISI335;;1;2022-10-16 19:42:07.000;1;2022
864;Não Atribuido;;DEISI331;a21703353;3;2022-10-16 20:15:40.000;1;2022
866;Não Atribuido;;DEISI295;a21703353;2;2022-10-16 20:15:57.000;1;2022
867;Não Atribuido;;DEISI321;a22109220;1;2022-10-16 20:40:45.000;1;2022
868;Não Atribuido;;DEISI326;a22109220;2;2022-10-16 20:41:00.000;1;2022
869;Não Atribuido;;Empresa320;a22109220;3;2022-10-16 20:41:18.000;1;2022
870;Não Atribuido;;DEISI287;a22109220;4;2022-10-16 20:41:29.000;1;2022
872;Atribuido;;DEISI331;a22000019;1;2022-10-16 20:59:44.000;1;2022
874;Não Atribuido;;Empresa320;a21006894;4;2022-10-16 21:06:37.000;1;2022
875;Não Atribuido;;DEISI326;a21006894;5;2022-10-16 21:09:54.000;1;2022
876;Atribuido;116;G348;;1;2022-10-16 23:06:25.000;1;2022
877;Não Atribuido;;DEISI345;a21905158;2;2022-10-17 11:53:00.000;1;2022
878;Não atribuido;100;DEISI295;;3;2022-10-16 23:21:15.000;1;2022
879;Não Atribuido;100;DEISI345;;2;2022-10-16 23:21:30.000;1;2022
880;Atribuido;;DEISI286;a21703952;1;2022-10-16 23:26:52.000;1;2022
882;Não Atribuido;;DEISI315;a21703952;3;2022-10-16 23:30:00.000;1;2022
883;Não Atribuido;;DEISI288;a21703952;4;2022-10-16 23:30:24.000;1;2022
885;Não Atribuido;;DEISI350;a21905158;3;2022-10-18 23:36:25.000;1;2022
887;Não Atribuido;;DEISI352;a21905158;4;2022-10-19 15:02:51.000;1;2022
890;Atribuido;111;DEISI295;;1;2022-10-21 18:11:53.000;1;2022
891;Não Atribuido;;DEISI352;a21006894;1;2022-10-21 20:08:11.000;1;2022
892;Não Atribuido;;DEISI350;a21006894;2;2022-10-21 20:08:42.000;1;2022
893;Atribuido;;Aluno332;a20065449;1;2022-10-21 23:18:05.000;1;2022
894;Não Atribuido;;DEISI288;a21804766;3;2022-10-22 00:14:01.000;1;2022
895;Atribuido;;DEISI275;a21703353;1;2022-10-22 02:57:48.000;1;2022
896;Não Atribuido;;DEISI351;a21703353;4;2022-10-22 02:59:44.000;1;2022
897;Não Atribuido;;DEISI350;a21703353;5;2022-10-22 03:02:25.000;1;2022
898;Atribuido;117;DEISI354;;2;2022-10-24 21:12:07.000;1;2022
899;Atribuido;118;DEISI350;;1;2022-10-28 23:46:42.000;1;2022
900;Atribuido;119;DEISI292;;1;2022-11-01 17:53:52.000;1;2022
901;;;DEISI358;a22108693;1;2023-09-06 12:55:27.000;0;2022
902;;120;DEISI364;;1;2023-10-09 09:26:43.000;0;2022
903;;121;DEISI364;;1;2023-10-09 11:31:53.000;0;2022
904;;121;DEISI365;;2;2023-10-09 11:32:24.000;0;2022
